hora,titulo,link
08/05/2018 | ,Arrestan a presunto asaltante de gerente,/911/2018/5/8/arrestan-presunto-asaltante-gerente-303064.html
08/05/2018 | ,Roban sujetos droga de bodega de la PGR,/911/2018/5/8/roban-sujetos-droga-bodega-303065.html
08/05/2018 | ,Detienen a prófugo por narcomenudeo,/911/2018/5/8/detienen-prfugo-narcomenudeo-303066.html
08/05/2018 | ,Asegurado con 60 gr de cristal,/911/2018/5/8/asegurado-cristal-303067.html
08/05/2018 | ,Choca conductora por ir alcoholizada,/911/2018/5/8/choca-conductora-alcoholizada-303068.html
08/05/2018 | ,Recuperan 61 carros robados,/911/2018/5/8/recuperan-carros-robados-303069.html
08/05/2018 | ,Cae tipo en posesión de metanfetamina,/911/2018/5/8/tipo-posesin-metanfetamina-303070.html
08/05/2018 | ,Breves El Mundo,/el-mundo/2018/5/8/breves-mundo-303075.html
08/05/2018 | ,Quedan a deber en infraestructura,/nacional/2018/5/8/quedan-deber-infraestructura-303071.html
08/05/2018 | ,Retoma Corte caso ABC,/nacional/2018/5/8/retoma-corte-caso-303072.html
08/05/2018 | ,Cuestiona México informe de la ONU,/nacional/2018/5/8/cuestiona-mxico-informe-303073.html
08/05/2018 | ,Marchan por desaparecidas,/nacional/2018/5/8/marchan-desaparecidas-303074.html
08/05/2018 | ,Doble triunfo de  Osos ante Aztecas,/deportes/futbol-americano-flag/2018/5/8/doble-triunfo-osos-ante-aztecas-303058.html
08/05/2018 | ,"Ganan Frailes, Leones y Dodgers",/deportes/beisbol/2018/5/8/ganan-frailes-leones-dodgers-303059.html
08/05/2018 | ,Dice adiós el hombre detrás del plato,/deportes/beisbol/2018/5/8/dice-adis-hombre-detrs-plato-303060.html
08/05/2018 | ,Dice el Monterrey  adiós a Mohamed,/deportes/futbol/2018/5/8/dice-monterrey-adis-mohamed-303061.html
08/05/2018 | ,Confían Gallos en Rafa Puente,/deportes/futbol/2018/5/8/confan-gallos-rafa-puente-303062.html
08/05/2018 | ,Llega Peláez a Cruz Azul por el ‘Yayo’,/deportes/futbol/2018/5/8/llega-pelez-cruz-azul-yayo-303063.html
08/05/2018 | ,LeBron y los Cavs completan barrida,/deportes/baloncesto/2018/5/8/lebron-cavs-completan-barrida-303082.html
08/05/2018 | ,Aporta ‘Titán’ en triunfo de Mets,/deportes/beisbol/2018/5/8/aporta-titn-triunfo-mets-303083.html
